question,answer
HELLO,Hi! How can I help you explore the world of gemstones today?
HI,Hello! What can I do for you regarding gemstones?
WHAT ARE GEMSTONES,"Gemstones are minerals, rocks, or organic materials that are cut and polished to create jewelry or decorative items. They are valued for their beauty, rarity, and durability."
WHAT IS A GEMSTONE,"A gemstone is a precious or semi-precious material that can be cut and polished for use in jewelry, as a collector’s item, or for its supposed healing properties."
WHAT IS AMETHYST,"Amethyst is a purple variety of quartz that is highly valued in jewelry. It is believed to have calming and spiritual properties, promoting peace and relaxation."
WHAT IS THE COLOR OF AMETHYST,"Amethyst is most commonly a deep violet to purple color, though it can range from light lavender to dark plum."
WHERE IS AMETHYST FOUND,"Amethyst is found in countries like Brazil, Zambia, Uruguay, and the United States, particularly in areas like Arizona and Georgia."
WHAT IS THE BIRTHSTONE FOR FEBRUARY,"The birthstone for February is Amethyst, symbolizing calmness, clarity, and spiritual growth."
WHAT IS DIAMOND,Diamonds are a crystalline form of carbon and are known for their exceptional hardness and brilliant shine. They are often used in engagement rings and fine jewelry.
WHAT IS THE COLOR OF DIAMONDS,"Diamonds come in various colors, but they are most commonly colorless. Other natural colors include yellow, pink, blue, and green, depending on impurities."
WHERE ARE DIAMONDS FOUND,"Diamonds are found in countries such as South Africa, Russia, Canada, Botswana, and Australia."
WHAT IS THE HARDEST GEMSTONE,"The hardest gemstone is diamond, rated 10 on the Mohs hardness scale, making it the toughest naturally occurring material."
WHAT IS EMERALD,"Emerald is a vibrant green gemstone, a variety of the mineral beryl. It is highly prized for its rich color and is the birthstone for May."
WHAT IS THE COLOR OF EMERALD,"Emeralds are known for their deep green color, which is caused by trace amounts of chromium or vanadium within the beryl mineral."
WHERE IS EMERALD FOUND,"Emeralds are primarily found in Colombia, Zambia, Brazil, and Zimbabwe, with Colombia being the most famous source."
WHAT IS LAPIS LAZULI,"Lapis Lazuli is a deep blue gemstone known for its striking color and historical significance in jewelry and art, particularly in ancient Egypt."
WHAT IS THE COLOR OF LAPIS LAZULI,"Lapis Lazuli is typically a rich, deep blue, often containing golden flecks of pyrite, which give it a unique and beautiful appearance."
WHERE IS LAPIS LAZULI FOUND,"Lapis Lazuli is most commonly found in Afghanistan, but it can also be sourced from Chile, Russia, and parts of the United States."
WHAT IS OPAL,"Opal is a mineraloid that is known for its 'play of color,' a dazzling display of different colors depending on the angle of light. It is prized in various forms for jewelry."
WHAT IS THE COLOR OF OPAL,"Opals can show a range of colors including white, black, red, orange, green, and blue, with their famous iridescence or play of color."
WHERE IS OPAL FOUND,"Opals are most often found in Australia, but they can also be found in Ethiopia, Mexico, and the United States."
WHAT IS PEARL,"Pearl is an organic gemstone produced by mollusks, primarily oysters and freshwater mussels. Pearls are highly valued for their luster and timeless elegance."
WHAT IS THE COLOR OF PEARL,"Pearls come in a variety of colors, including white, cream, pink, and black, with subtle variations in tone depending on the mollusk species."
WHERE ARE PEARLS FOUND,"Pearls are most commonly found in oysters in the oceans of Japan, Australia, the Philippines, and China. Freshwater pearls are cultivated in rivers and lakes."
WHAT IS RUBY,"A ruby is a red gemstone that belongs to the corundum family. It symbolizes passion, vitality, and love."
WHAT IS THE COLOR OF RUBY,"Rubies are known for their rich, red color. Their hue can vary from a deep blood-red to lighter shades of red or even pink."
WHERE IS RUBY FOUND,"Rubies are found in countries like Myanmar, Thailand, Sri Lanka, and Madagascar."
WHAT IS THE BIRTHSTONE FOR JULY,"The birthstone for July is the ruby, symbolizing love, passion, and energy."
WHAT IS SAPPHIRE,"Sapphire is a precious gemstone that belongs to the corundum family and comes in a variety of colors, including blue, yellow, and pink. It symbolizes wisdom and nobility."
WHAT IS THE COLOR OF SAPPHIRE,"While sapphires are most commonly blue, they can also be found in a variety of other colors including pink, yellow, and green."
WHERE IS SAPPHIRE FOUND,"Sapphires are found in countries such as Sri Lanka, Myanmar, Madagascar, and Australia."
WHAT IS TOPAZ,"Topaz is a silicate mineral that comes in a range of colors, from blue to yellow, and is known for its brilliance."
WHAT IS THE COLOR OF TOPAZ,"Topaz is available in a wide variety of colors, with blue, yellow, and pink being the most popular."
WHERE IS TOPAZ FOUND,"Topaz is found in countries like Brazil, Sri Lanka, Russia, and the United States."
WHAT IS OPAL KNOWN FOR,"Opal is known for its vibrant play of color, which creates dazzling flashes of light in a range of colors depending on the angle of view."
WHAT GEMSTONE IS THE HARDEST AFTER DIAMOND,"The second hardest gemstone after diamond is corundum, which includes rubies and sapphires."
WHAT IS THE MOST EXPENSIVE GEMSTONE,"Jadeite is considered one of the most expensive gemstones, especially the rare and prized Imperial Jade variety."
WHAT GEMSTONE IS KNOWN FOR ITS ABILITY TO CHANGE COLORS,"Alexandrite is known for its remarkable color-changing ability, shifting from green in daylight to red under incandescent light."
WHAT IS THE MOST POPULAR GEMSTONE,"Diamonds are the most popular gemstone, particularly in engagement rings, due to their brilliance and durability."
WHAT GEMSTONE IS ASSOCIATED WITH LOVE,"Ruby is often associated with love due to its deep red color, symbolizing passion and vitality."
WHAT GEMSTONE IS THE BIRTHSTONE FOR DECEMBER,The birthstones for December are turquoise and blue topaz.
WHAT IS THE RAREST GEMSTONE,"Painite was once considered the rarest gemstone in the world, known for its reddish-brown color."
WHAT IS THE SYMBOLISM OF EMERALD,"Emerald symbolizes rebirth, fertility, and love, making it a popular choice for anniversaries and celebrations."
WHAT IS THE CHEMICAL COMPOSITION OF DIAMOND,"Diamonds are composed of pure carbon atoms arranged in a crystal lattice structure, giving them their exceptional hardness."
WHAT GEMSTONE IS KNOWN FOR ITS HEALING PROPERTIES,"Amethyst is often believed to have healing properties, including calming emotions and enhancing spiritual awareness."
WHAT GEMSTONE REPRESENTS WISDOM,"Sapphire is often associated with wisdom, loyalty, and nobility."
WHAT GEMSTONE IS THE BIRTHSTONE FOR AUGUST,"Peridot is the birthstone for August, symbolizing growth, prosperity, and good health."
WHAT GEMSTONE IS THE BIRTHSTONE FOR JANUARY,"Garnet is the birthstone for January, known for its deep red color and symbolism of friendship and trust."
WHAT IS THE SYMBOLISM OF PEARLS,"Pearls symbolize purity, innocence, and elegance."
WHERE ARE DIAMONDS MOST COMMONLY FOUND,"The most famous diamond-producing countries are South Africa, Russia, Canada, and Botswana."
WHAT IS THE LARGEST RUBY EVER FOUND,"The largest ruby ever found is the 'Ruby of the Bay of Bengal,' which weighs over 400 carats."
WHAT IS THE BIRTHSTONE FOR OCTOBER,Opal and tourmaline are the birthstones for October.
WHAT GEMSTONE IS ASSOCIATED WITH REBIRTH,"Emerald is often associated with rebirth and renewal, especially due to its vibrant green color."
WHAT IS THE HARDEST NATURAL MATERIAL,Diamond is the hardest natural material on Earth.
CAN YOU TELL ME ABOUT THE HISTORY OF DIAMONDS,"Diamonds have been revered for thousands of years and were first discovered in India. They became associated with kings, queens, and the elite."
WHERE IS THE LARGEST DIAMOND EVER FOUND,"The largest diamond ever found, the Cullinan Diamond, was discovered in South Africa in 1905."
WHAT IS THE MOST COMMON USE FOR SAPPHIRES,"Sapphires are most commonly used in fine jewelry, including rings, earrings, and necklaces."
WHAT GEMSTONE SYMBOLIZES PROTECTION,Tourmaline is often believed to symbolize protection and is considered a healing gemstone.
WHAT GEMSTONE IS KNOWN FOR ITS MULTI-COLOR DISPLAY,"Opal is well known for its play of color, displaying multiple hues depending on how the light hits it."
WHAT GEMSTONE IS USED TO CELEBRATE A 60TH ANNIVERSARY,"The gemstone for a 60th wedding anniversary is diamond, representing lasting love and commitment."
WHAT IS THE MOHS HARDNESS OF RUBY,"Ruby has a Mohs hardness of 9, making it one of the hardest gemstones after diamonds."
WHAT GEMSTONE SYMBOLIZES WEALTH,"Emerald is sometimes linked to wealth and abundance, especially in ancient cultures."
WHAT IS THE RAREST DIAMOND COLOR,Red diamonds are the rarest color of diamonds and are highly prized.
WHERE ARE SAPPHIRES MOST COMMONLY FOUND,"Sapphires are most commonly found in Sri Lanka, Myanmar, and Madagascar."
WHAT IS THE MOST COMMON USE FOR AMETHYST,"Amethyst is commonly used in jewelry, especially rings, earrings, and necklaces, due to its vibrant color and affordability."
WHERE IS PEARL MOST COMMONLY CULTIVATED,"Pearls are cultivated in both saltwater and freshwater environments, with major sources in Japan, China, and Australia."
WHAT IS A COMMON MYTH ABOUT GEMSTONES,A common myth about gemstones is that they possess magical properties that can influence luck and health.
WHAT IS THE CHEMICAL COMPOSITION OF EMERALD,Emeralds are composed of beryllium aluminum silicate with trace amounts of chromium and vanadium giving them their signature green color.
WHERE DO RUBIES COME FROM,"Rubies are most famously sourced from Myanmar, but also from Sri Lanka, Thailand, and Africa."
WHAT IS THE SYMBOLISM OF AMETHYST,"Amethyst symbolizes tranquility, peace, and spiritual awareness."
WHAT IS THE MOST COMMON COLOR OF TOPAZ,"Blue is the most common color of topaz, though it can also be found in yellow and pink varieties."
WHAT GEMSTONE REPRESENTS HOPE,"Aquamarine is often associated with hope, calmness, and clarity."
WHAT IS A GEMSTONE CLUSTER,A gemstone cluster is a natural formation where multiple smaller crystals grow together in a group.
WHAT GEMSTONE SYMBOLIZES FRIENDSHIP,Garnet is often seen as a gemstone of friendship and is said to bring lasting relationships.
WHAT IS THE HISTORY OF PEARLS,"Pearls have been used in jewelry for thousands of years, dating back to ancient civilizations in Egypt, China, and India."
WHAT IS JADEITE,"Jadeite is a type of jade that is known for its vivid green color and is highly prized, especially in East Asia."
WHAT IS THE LARGEST SAPPHIRE EVER FOUND,"The largest sapphire ever found is the 'Black Star of Queensland,' which weighs 733 carats."
WHAT IS A SEMI-PRECIOUS GEMSTONE,"A semi-precious gemstone is a gem that is not as rare or expensive as precious gemstones like diamonds, rubies, sapphires, and emeralds."
WHAT GEMSTONE IS THE BIRTHSTONE FOR MARCH,"Aquamarine is the birthstone for March, known for its calming blue hues."
WHAT GEMSTONE SYMBOLIZES POWER,"Diamonds are often seen as a symbol of power, due to their rarity, strength, and long history as a status symbol."
WHAT IS A GEMSTONE'S MOHS HARDNESS,"A gemstone's Mohs hardness refers to its ability to resist scratching, measured on a scale from 1 (softest) to 10 (hardest)."
WHAT GEMSTONE IS KNOWN FOR ITS LUSTER,"Pearl is known for its characteristic luster, which is the soft glow on its surface."
WHAT IS THE DIFFERENCE BETWEEN RUBY AND SAPPHIRE,"Both rubies and sapphires are types of corundum, but rubies are red due to the presence of chromium, while sapphires come in a range of colors."
WHERE IS THE MOST FAMOUS DIAMOND MINE,The most famous diamond mine is the Kimberley Mine in South Africa.
WHAT GEMSTONE IS ASSOCIATED WITH WISDOM,"Sapphire is known to symbolize wisdom, truth, and loyalty."
WHAT IS THE LARGEST OPAL EVER FOUND,"The largest opal ever found is the 'Andamooka Opal,' weighing 17,000 carats."
WHAT GEMSTONE IS FOUND IN THE MOON,"Moonstone is named after its resemblance to the moon and is found on Earth, not the Moon itself."
WHAT GEMSTONE IS KNOWN FOR ITS MULTIFACETED COLORS,Opal is known for displaying an array of colors due to its unique internal structure.
WHAT IS A GEMSTONE CABOCHON,"A cabochon is a gemstone that has been polished but not faceted, often used in rings or brooches."
WHAT IS THE BIRTHSTONE FOR NOVEMBER,Topaz and citrine are the birthstones for November.
WHAT IS THE GEMSTONE FOR A 25TH ANNIVERSARY,"The gemstone for a 25th wedding anniversary is the silver jubilee, but the symbolic gemstone is emerald."
WHAT IS THE BIRTHSTONE FOR APRIL,Diamond is the birthstone for April.
WHAT GEMSTONE IS KNOWN FOR ITS CLEANSING PROPERTIES,Clear quartz is often believed to have cleansing and healing properties.
WHAT IS THE COLOR OF CITRINE,"Citrine is a yellow to golden variety of quartz, known for its warm hues."
WHERE IS CITRINE FOUND,"Citrine is commonly found in Brazil, Madagascar, and parts of the United States."
WHAT IS THE MOST EXPENSIVE SAPPHIRE,The most expensive sapphires are the rare and highly prized Kashmir sapphires.
WHAT GEMSTONE REPRESENTS ETERNAL LOVE,Diamond is often seen as the gemstone that represents eternal love.
WHERE DOES GARNET COME FROM,"Garnet is found in many locations, with the most famous sources being India, Africa, and parts of the United States."
WHAT GEMSTONE IS THE BIRTHSTONE FOR MAY,"Emerald is the birthstone for May, representing growth and renewal."
WHAT GEMSTONE IS USED IN HEALING,"Amethyst, quartz, and turquoise are some gemstones commonly believed to have healing properties."
WHERE CAN YOU FIND THE MOST BEAUTIFUL RUBIES,"Myanmar (Burma) is known for producing some of the most beautiful rubies, especially those from the Mogok region."
WHAT IS THE MOST COMMON FORM OF AMETHYST,Amethyst is most commonly found as large geodes or in its crystal form.
WHAT IS THE MOST POPULAR COLOR OF TOURMALINE,"The most popular color of tourmaline is pink, though it can come in many other colors like green, blue, and yellow."
WHAT GEMSTONE IS THE BIRTHSTONE FOR JUNE,"Pearl, alexandrite, and moonstone are the birthstones for June."
WHAT GEMSTONE REPRESENTS STRENGTH,Hematite is believed to represent strength and grounding.
WHAT GEMSTONE IS ASSOCIATED WITH JOY,Citrine is often linked with happiness and joy.
WHAT IS A STERLING SILVER GEMSTONE SETTING,"A sterling silver gemstone setting refers to a jewelry setting made from sterling silver, a popular metal choice for gemstones."
WHAT GEMSTONE REPRESENTS PEACE,Amethyst is thought to symbolize peace and spiritual awareness.
WHAT IS THE MOST COMMON USE OF TOPAZ,"Topaz is commonly used in rings, necklaces, and earrings."
WHAT GEMSTONE IS KNOWN AS THE 'KING OF GEMS',Ruby is often referred to as the 'King of Gems' due to its vibrant color and rarity.
WHAT GEMSTONE REPRESENTS CLARITY,Clear quartz is often associated with clarity and purification.
WHERE IS THE MOST BEAUTIFUL EMERALD FOUND,Colombia is known for producing some of the most beautiful and high-quality emeralds.
WHAT GEMSTONE REPRESENTS REBIRTH,"Emerald, with its green color, is often associated with rebirth."
WHAT GEMSTONE REPRESENTS STRENGTH,Garnet is believed to symbolize strength and energy.
WHAT IS THE SYMBOLISM OF SAPPHIRE,"Sapphire symbolizes wisdom, loyalty, and nobility."
WHAT GEMSTONE IS ASSOCIATED WITH THE SUN,Sunstone is often associated with the sun due to its bright orange and gold colors.
WHAT IS THE GEMSTONE FOR A 40TH ANNIVERSARY,The gemstone for a 40th wedding anniversary is ruby.
WHAT GEMSTONE IS ASSOCIATED WITH BIRTHDAY CELEBRATIONS,"Diamonds are often linked with milestone birthday celebrations, especially those turning 60 or beyond."
WHAT IS THE HISTORICAL SIGNIFICANCE OF AMETHYST,"In ancient times, amethyst was believed to ward off drunkenness and promote clarity of thought."
WHAT GEMSTONE IS MOST COMMONLY FOUND IN RINGS,Diamonds are the most commonly used gemstone in engagement rings.
WHERE ARE MOST TOURMALINES FOUND,"Tourmaline is primarily found in Brazil, Sri Lanka, and parts of Africa."
WHAT GEMSTONE IS KNOWN FOR ITS REDDISH-BROWN COLOR,"Garnet is known for its reddish-brown color, though it can also come in a variety of other colors."
WHAT GEMSTONE IS MOST COMMONLY USED IN NECKLACES,Pearls are commonly used in necklaces due to their elegance and classic appeal.
WHAT GEMSTONE IS ASSOCIATED WITH GOOD FORTUNE,"Jade is often considered a gemstone of good fortune, especially in Chinese culture."
WHAT IS THE MOHS HARDNESS OF SAPPHIRE,"Sapphire has a hardness of 9 on the Mohs scale, making it one of the hardest gemstones."
WHAT IS THE BIRTHSTONE FOR JANUARY,Garnet is the birthstone for January.
WHAT IS THE SYMBOLISM OF DIAMONDS,"Diamonds symbolize eternal love, purity, and strength."
WHAT GEMSTONE IS THE BIRTHSTONE FOR SEPTEMBER,Sapphire is the birthstone for September.
WHERE CAN RUBIES BE FOUND,"Rubies are found in countries such as Myanmar (Burma), Sri Lanka, Thailand, and parts of Africa."
WHAT GEMSTONE IS KNOWN FOR ITS HEALING PROPERTIES,"Amethyst is believed to have healing properties, such as promoting tranquility and emotional balance."
WHAT IS THE MOST EXPENSIVE GEMSTONE IN THE WORLD,"The most expensive gemstone in the world is jadeite, a rare form of jade."
WHERE CAN YOU FIND THE MOST BEAUTIFUL AMETHYST,Brazil is known for producing some of the finest and most beautiful amethysts.
WHAT GEMSTONE IS ASSOCIATED WITH THE MOON,Moonstone is often linked with the moon due to its ethereal glow.
WHAT IS THE GEMSTONE FOR A 10TH ANNIVERSARY,The gemstone for a 10th wedding anniversary is diamond.
WHAT GEMSTONE SYMBOLIZES WEALTH,"Emerald is often associated with wealth and prosperity, especially in ancient cultures."
WHAT IS THE DIFFERENCE BETWEEN AMETHYST AND ALEXANDRITE,"Amethyst is purple in color, while alexandrite is known for its color-changing properties, shifting from green to red."
WHAT GEMSTONE IS THE BIRTHSTONE FOR APRIL,Diamond is the birthstone for April.
WHAT IS THE MOST POPULAR COLOR OF RUBY,"The most popular and valued color of ruby is a deep, rich red, often referred to as 'pigeon’s blood' red."
WHERE IS OPAL MOST COMMONLY FOUND,"Opal is most commonly found in Australia, although it is also found in Ethiopia and Mexico."
WHAT GEMSTONE IS KNOWN FOR ITS RANGE OF COLORS,"Tourmaline is known for its wide range of colors, including green, pink, blue, and yellow."
WHAT GEMSTONE IS USED IN CELEBRATING A 50TH ANNIVERSARY,"The gemstone for a 50th wedding anniversary is gold, while the symbolic gemstone is golden beryl or golden topaz."
WHAT GEMSTONE IS KNOWN FOR ITS TRANSLUCENT QUALITY,"Moonstone is known for its translucent quality and blue, shimmering adularescence."
WHERE ARE MOST PEARLS CULTIVATED,"Pearls are cultivated in both freshwater and saltwater environments, with major sources in Japan, Australia, and China."
WHAT IS THE MOST RARE DIAMOND COLOR,"Red diamonds are the rarest and most expensive diamonds, often found in small sizes."
WHAT GEMSTONE IS ASSOCIATED WITH STABILITY,Hematite is often associated with stability and grounding.
WHAT IS THE GEMSTONE FOR A 15TH ANNIVERSARY,The gemstone for a 15th wedding anniversary is ruby.
WHAT GEMSTONE IS KNOWN FOR ITS CRYSTAL STRUCTURE,"Quartz is known for its crystal structure and is found in a variety of types, including clear quartz and amethyst."
WHAT IS THE SYMBOLISM OF CITRINE,"Citrine symbolizes success, abundance, and joy."
WHAT GEMSTONE REPRESENTS CLEANSING,Clear quartz is often believed to have cleansing and purifying properties.
WHAT IS THE CHEMICAL COMPOSITION OF EMERALD,"Emeralds are composed of beryllium aluminum silicate, with traces of chromium or vanadium giving them their green color."
WHAT IS THE MOST FAMOUS RUBY MINE,The Mogok Valley in Myanmar (Burma) is known for producing some of the finest rubies in the world.
WHERE CAN YOU FIND BLACK DIAMONDS,Black diamonds are primarily found in Brazil and the Central African Republic.
WHAT GEMSTONE IS THE BIRTHSTONE FOR DECEMBER,Turquoise and blue topaz are the birthstones for December.
WHAT GEMSTONE IS ASSOCIATED WITH CALMNESS,Amethyst is believed to promote calmness and balance in one's life.
WHAT IS THE CHEMICAL COMPOSITION OF DIAMONDS,Diamonds are made entirely of carbon atoms arranged in a crystal lattice.
WHAT IS THE MOST POPULAR GEMSTONE IN ENGAGEMENT RINGS,Diamonds are by far the most popular gemstone used in engagement rings.
WHAT GEMSTONE IS KNOWN FOR ITS FIRE,"Fire opal is known for its bright, fiery orange to red color."
WHAT IS THE GEMSTONE FOR A 60TH ANNIVERSARY,The gemstone for a 60th wedding anniversary is diamond.
WHAT IS THE RAREST SAPPHIRE COLOR,"The rarest color of sapphire is orange-pink or 'padparadscha' sapphire, which comes from Sri Lanka."
WHERE IS AMETHYST MOST COMMONLY FOUND,"Amethyst is most commonly found in Brazil, Uruguay, Zambia, and the United States."
WHAT IS THE GEMSTONE FOR A 20TH ANNIVERSARY,The gemstone for a 20th wedding anniversary is emerald.
WHAT GEMSTONE IS ASSOCIATED WITH COURAGE,Citrine is often associated with courage and energy.
WHERE ARE MOST TOPAZ STONES FOUND,"Topaz is mostly found in Brazil, Sri Lanka, and Russia."
WHAT GEMSTONE IS THE BIRTHSTONE FOR AUGUST,Peridot is the birthstone for August.
WHAT GEMSTONE REPRESENTS THE MOON,"Moonstone is linked to the moon, symbolizing intuition and emotional balance."
WHERE IS THE LARGEST RUBY EVER FOUND,"The largest ruby ever found is the 'Ruby of the Bay of Bengal,' which weighs over 400 carats."
WHAT GEMSTONE IS ASSOCIATED WITH LOVE AND PASSION,"Ruby is the gemstone most commonly associated with love, passion, and vitality."
WHAT IS THE GEMSTONE FOR A 30TH ANNIVERSARY,The gemstone for a 30th wedding anniversary is pearl.
WHAT GEMSTONE REPRESENTS BEAUTY,"Pearls are often associated with beauty, elegance, and purity."
WHERE ARE MOST SAPPHIRES FOUND,"Sapphires are commonly found in Sri Lanka, Myanmar, Madagascar, and parts of Australia."
WHAT IS THE SYMBOLISM OF GARNET,"Garnet symbolizes loyalty, protection, and vitality."
WHAT GEMSTONE IS KNOWN FOR ITS YELLOW COLOR,Citrine is known for its bright yellow to golden color.
WHAT IS THE MOST COMMON FORM OF PEARL,"The most common form of pearls is freshwater pearls, which are produced in freshwater mussels."
WHAT GEMSTONE IS THE BIRTHSTONE FOR OCTOBER,Tourmaline and opal are the birthstones for October.
WHAT GEMSTONE REPRESENTS IMMORTALITY,Jade is often associated with immortality and is considered a sacred gemstone in Chinese culture.
WHERE IS THE MOST BEAUTIFUL JADE FOUND,"The most prized jade, jadeite, is found in Myanmar (Burma)."
WHAT IS THE GEMSTONE FOR A 70TH ANNIVERSARY,"The gemstone for a 70th wedding anniversary is platinum, though the symbolic gemstone is sapphire."
WHAT GEMSTONE REPRESENTS PEACE OF MIND,Amethyst is believed to provide peace of mind and clarity of thought.
WHERE IS THE MOST BEAUTIFUL OPAL FOUND,Australia is known for producing the most beautiful and vibrant opals.
WHAT IS THE MOST VALUABLE DIAMOND COLOR,"The most valuable diamond color is colorless, graded as D on the diamond color scale."
WHAT GEMSTONE IS ASSOCIATED WITH HOPE,"Aquamarine is believed to symbolize hope, calmness, and tranquility."
WHAT IS THE GEMSTONE FOR A 35TH ANNIVERSARY,The gemstone for a 35th wedding anniversary is emerald.
WHAT GEMSTONE IS ASSOCIATED WITH CREATIVITY,Carnelian is believed to stimulate creativity and enhance concentration.
WHAT IS THE MOHS HARDNESS OF TOPAZ,"Topaz has a Mohs hardness of 8, making it a durable gemstone."
WHERE CAN YOU FIND EMERALDS,"Emeralds are primarily found in Colombia, Zambia, and Brazil."
WHAT GEMSTONE REPRESENTS GOOD LUCK,"Jade is often considered a gemstone of good luck, especially in Asian cultures."
WHAT GEMSTONE IS KNOWN FOR ITS DARK COLOR,"Black onyx is known for its smooth, dark, black color."
WHAT GEMSTONE IS THE BIRTHSTONE FOR MAY,Emerald is the birthstone for May.
WHERE IS THE MOST EXPENSIVE RUBY FOUND,Rubies from Myanmar (Burma) are often considered the most expensive and valuable.
WHAT IS THE CHEMICAL COMPOSITION OF SAPPHIRE,"Sapphire is composed of aluminum oxide (Al2O3), and its color is due to trace amounts of iron and titanium."
WHAT GEMSTONE REPRESENTS KNOWLEDGE,"Lapis Lazuli is associated with knowledge, truth, and wisdom."
WHERE ARE MOST MOONSTONES FOUND,"Moonstones are primarily found in Sri Lanka, India, and Madagascar."
WHAT GEMSTONE IS THE BIRTHSTONE FOR JUNE,"Pearl, moonstone, and alexandrite are all considered birthstones for June."
WHAT IS THE MOST POPULAR GEMSTONE FOR ENGAGEMENT RINGS,Diamonds are by far the most popular gemstone for engagement rings.
WHERE IS CITRINE MOST COMMONLY FOUND,"Citrine is most commonly found in Brazil, Madagascar, and parts of the United States."
WHAT GEMSTONE IS THE SYMBOL OF HOPE AND FAITH,"Aquamarine is considered a symbol of hope, faith, and emotional clarity."
WHAT GEMSTONE IS ASSOCIATED WITH THE EYE,Alexandrite is often associated with the eye due to its unique color-changing properties.
WHERE ARE THE MOST FAMOUS PEARL FISHERIES,"The most famous pearl fisheries are located in Japan, Australia, and the Persian Gulf."
WHAT GEMSTONE IS THE MOST COMMONLY USED IN EARRINGS,Diamonds are the most commonly used gemstone in earrings.
WHAT IS THE RAREST COLOR OF DIAMONDS,Red diamonds are the rarest and most expensive color of diamond.
WHAT GEMSTONE IS ASSOCIATED WITH THE SUN,"Sunstone is associated with the sun, known for its golden to reddish-orange hues."
WHAT IS THE GEMSTONE FOR A 25TH ANNIVERSARY,"The gemstone for a 25th wedding anniversary is silver, while the symbolic gemstone is tsavorite garnet."
WHAT IS THE MOHS HARDNESS OF RUBY,"Ruby has a Mohs hardness of 9, making it one of the hardest gemstones."
WHERE CAN YOU FIND THE MOST FAMOUS EMERALD MINES,"The most famous emerald mines are located in Colombia, specifically in the Muzo and Coscuez regions."
WHAT GEMSTONE IS ASSOCIATED WITH CLEANSING AND HEALING,"Clear quartz is often considered a gemstone that helps with cleansing, healing, and energy balancing."
WHAT GEMSTONE IS KNOWN FOR ITS BLUE COLOR,"Sapphire is famous for its beautiful blue hue, though it can also come in other colors."
WHAT IS THE GEMSTONE FOR A 45TH ANNIVERSARY,The gemstone for a 45th wedding anniversary is sapphire.
WHAT GEMSTONE IS KNOWN FOR ITS FOLIAGE GREEN COLOR,Peridot is a gemstone that is known for its vibrant green color.
WHAT IS THE BIRTHSTONE FOR FEBRUARY,Amethyst is the birthstone for February.
WHERE IS THE MOST POPULAR JADE FOUND,"Jadeite, the rarest and most valuable type of jade, is primarily found in Myanmar (Burma)."
WHAT GEMSTONE IS ASSOCIATED WITH STABILITY AND GROUNDEDNESS,"Hematite is often believed to help with grounding, stability, and protection."
WHAT GEMSTONE IS KNOWN FOR ITS STRONG PURPLE COLOR,"Amethyst is widely known for its deep, rich purple color."
WHAT GEMSTONE IS THE BIRTHSTONE FOR NOVEMBER,Topaz and citrine are both birthstones for November.
WHAT IS THE GEMSTONE FOR A 5TH ANNIVERSARY,The gemstone for a 5th wedding anniversary is sapphire.
WHERE ARE MOST OPALS FOUND,"The majority of opals are mined in Australia, with notable sources also in Ethiopia and Mexico."
WHAT IS THE GEMSTONE FOR A 60TH ANNIVERSARY,Diamond is the gemstone for a 60th wedding anniversary.
WHAT GEMSTONE REPRESENTS PEACE,"Aquamarine is often associated with peace, tranquility, and calm."
WHERE CAN YOU FIND BLUE DIAMONDS,Blue diamonds are extremely rare and are most often found in mines in South Africa and Australia.
WHAT GEMSTONE REPRESENTS PURITY,"Diamond is often linked with purity, clarity, and eternal love."
WHAT GEMSTONE IS KNOWN FOR ITS REDDISH-BROWN COLOR,"Garnet is often recognized for its reddish-brown color, though it can come in other colors too."
WHAT IS THE BIRTHSTONE FOR OCTOBER,Opal and tourmaline are both birthstones for October.
WHAT GEMSTONE IS THE MOST DENSE,"Lead-based gemstones, like galena, are among the densest, although not often used in jewelry."
WHERE ARE MOST AMETHYSTS FOUND,"Amethyst is most commonly found in Brazil, Uruguay, Zambia, and the United States."
WHAT GEMSTONE IS KNOWN FOR ITS LONG-LASTING SHINE,Diamonds are known for their unmatched shine and brilliance.
WHAT GEMSTONE IS THE BIRTHSTONE FOR JUNE,"Pearl, moonstone, and alexandrite are all considered birthstones for June."
WHERE IS MOST GARNET MINED,"Garnets are mined in locations such as India, Brazil, and the United States, with significant deposits in Africa as well."
WHAT GEMSTONE IS ASSOCIATED WITH FAMILY AND LOVE,"Ruby is a gemstone closely associated with love, passion, and family bonds."
WHAT IS THE GEMSTONE FOR A 70TH ANNIVERSARY,"The gemstone for a 70th wedding anniversary is platinum, though symbolic gemstones include sapphire."
WHERE IS THE MOST EXPENSIVE EMERALD FOUND,"Colombia is famous for its rich and high-quality emeralds, particularly from the Muzo region."
WHAT GEMSTONE IS KNOWN FOR ITS FIRE,"Fire opal is famous for its fiery orange to red color, which mimics the look of fire."
WHAT GEMSTONE REPRESENTS GOOD FORTUNE AND PROSPERITY,"Jade is considered a gemstone that brings good fortune and prosperity, especially in Chinese culture."
WHERE CAN YOU FIND MOST SAPPHIRES,"Sri Lanka, Myanmar, Madagascar, and parts of Australia are well-known sources of sapphires."
WHAT GEMSTONE IS ASSOCIATED WITH THE MOON,"Moonstone, with its shimmering adularescence, is connected to the moon."
WHAT GEMSTONE IS KNOWN FOR ITS COLOR-CHANGING ABILITY,Alexandrite is a unique gemstone known for its ability to change color depending on the light.
WHAT IS THE GEMSTONE FOR A 10TH ANNIVERSARY,The gemstone for a 10th wedding anniversary is diamond.
WHAT GEMSTONE IS ASSOCIATED WITH COURAGE,"Citrine is believed to bring courage, positivity, and vitality."
WHERE IS THE MOST EXPENSIVE DIAMOND FOUND,The most expensive diamonds are typically found in mines in South Africa and Russia.
WHAT GEMSTONE IS KNOWN FOR ITS MULTIFACETED COLORS,"Tourmaline is known for its wide array of colors, ranging from pink to green to blue."
WHAT IS THE GEMSTONE FOR A 40TH ANNIVERSARY,The gemstone for a 40th wedding anniversary is ruby.
WHERE CAN YOU FIND MOST TOURMALINE MINES,"Tourmaline is primarily mined in Brazil, Sri Lanka, and parts of Africa."
WHAT GEMSTONE IS ASSOCIATED WITH PROTECTION,Turquoise is believed to protect the wearer from negative energy and bring healing.
WHAT GEMSTONE IS KNOWN FOR ITS RICH GREEN COLOR,Emerald is prized for its deep green color and its association with rebirth and growth.
WHERE IS THE LARGEST RUBY FOUND,"The largest ruby ever found is the 'Ruby of the Bay of Bengal,' weighing over 400 carats."
WHAT GEMSTONE IS KNOWN FOR ITS CLARITY AND LIGHTNESS,"Aquamarine is known for its clarity and light, pale blue hue."
WHAT IS THE GEMSTONE FOR A 15TH ANNIVERSARY,The gemstone for a 15th wedding anniversary is ruby.
WHERE ARE MOST AMBER DEPOSITS FOUND,"Amber is commonly found in regions such as the Baltic Sea, the Dominican Republic, and Myanmar."
WHAT GEMSTONE REPRESENTS FAITH AND HOPE,"Aquamarine is a gemstone often associated with hope, faith, and clarity."
WHAT GEMSTONE IS THE BIRTHSTONE FOR APRIL,Diamond is the birthstone for April.
WHERE IS MOST TURQUOISE FOUND,"Turquoise is primarily found in the United States, Mexico, and parts of Iran and China."
WHAT GEMSTONE IS ASSOCIATED WITH WEALTH AND ABUNDANCE,"Emerald is often seen as a symbol of wealth, growth, and abundance."
WHAT GEMSTONE IS ASSOCIATED WITH WEALTH AND ABUNDANCE,"Emerald is often seen as a symbol of wealth, growth, and abundance."
WHAT GEMSTONE IS ASSOCIATED WITH THE HEART,"Emerald is often linked to the heart, symbolizing love and compassion."
WHAT GEMSTONE IS KNOWN FOR ITS PINK COLOR,Rose quartz is widely known for its gentle pink color and is associated with love and peace.
WHERE IS MOST ONYX MINED,"Onyx is found in several locations around the world, including the United States, India, and Brazil."
WHAT GEMSTONE IS KNOWN FOR ITS SPARKLING COLORS,"Diamonds are renowned for their sparkling brilliance, especially when cut properly."
WHAT GEMSTONE REPRESENTS STRENGTH AND COURAGE,"Carnelian is believed to represent strength, courage, and endurance."
WHERE CAN YOU FIND MOST GARNET DEPOSITS,"Most garnet deposits are found in the United States, India, and parts of Africa."
WHAT GEMSTONE IS ASSOCIATED WITH WISDOM,"Lapis lazuli is often associated with wisdom, intellect, and spiritual enlightenment."
WHAT IS THE GEMSTONE FOR A 20TH ANNIVERSARY,The gemstone for a 20th wedding anniversary is emerald.
WHERE ARE MOST AMETHYST GEODES FOUND,"Amethyst geodes are typically found in Brazil, Uruguay, and Mexico."
WHAT GEMSTONE IS KNOWN FOR ITS TRANSLUCENT QUALITY,Moonstone is known for its unique translucent and opalescent appearance.
WHAT GEMSTONE REPRESENTS INTUITION AND CREATIVITY,Amethyst is also considered a gemstone that fosters creativity and intuitive insights.
WHERE IS MOST MALACHITE FOUND,"Malachite is primarily found in the Congo, Russia, and Zambia."
WHAT GEMSTONE IS ASSOCIATED WITH FREEDOM,"Citrine is often linked with freedom, self-expression, and abundance."
WHAT GEMSTONE REPRESENTS PROTECTION AND COURAGE,Tiger's eye is a gemstone believed to offer protection and courage.
WHERE IS MOST AQUAMARINE MINED,"Aquamarine is primarily found in Brazil, Sri Lanka, and parts of Africa."
WHAT GEMSTONE IS THE BIRTHSTONE FOR JANUARY,Garnet is the birthstone for January.
WHAT GEMSTONE IS ASSOCIATED WITH LUCK,"Jade is often associated with good luck, prosperity, and success."
WHAT GEMSTONE REPRESENTS JOY AND HAPPINESS,"Citrine is often known as the 'stone of joy' due to its bright, cheerful color and energetic properties."
WHERE IS THE LARGEST DIAMOND FOUND,"The largest diamond ever found was the Cullinan Diamond, found in South Africa."
WHAT GEMSTONE IS ASSOCIATED WITH NEW BEGINNINGS,"Peridot is believed to bring new beginnings, healing, and growth."
WHERE IS MOST ROSE QUARTZ FOUND,"Rose quartz is most commonly found in Brazil, Madagascar, and the United States."
WHAT GEMSTONE REPRESENTS PASSION,"Ruby is often referred to as the gemstone of passion, love, and energy."
WHERE CAN YOU FIND MOST TURQUOISE DEPOSITS,"The United States, specifically in Nevada and Arizona, is one of the largest producers of turquoise."
WHAT GEMSTONE IS KNOWN FOR ITS SILKY LUSTER,"Sapphire is known for its silky luster and vivid blue color, although it can come in other colors too."
WHAT GEMSTONE REPRESENTS PEACEFULNESS,"Lapis lazuli is a gemstone symbolizing peace, harmony, and serenity."
WHERE ARE MOST PEARLS FARMED,"Pearls are primarily farmed in Japan, French Polynesia, and China."
WHAT GEMSTONE IS KNOWN FOR ITS COLOR VARIETY,"Tourmaline is famous for coming in a wide range of colors, including pink, green, and blue."
WHERE CAN YOU FIND MOST EMERALD MINES,"Emeralds are commonly mined in Colombia, Zambia, and Brazil."
WHAT GEMSTONE REPRESENTS CLARITY AND PEACE,"Clear quartz is often associated with clarity of mind, peace, and spiritual healing."
WHAT GEMSTONE IS ASSOCIATED WITH SELF-ESTEEM,"Carnelian is believed to boost confidence, self-esteem, and vitality."
WHERE IS MOST LAPIS LAZULI MINED,"Lapis lazuli is primarily found in Afghanistan, Chile, and Russia."
WHAT GEMSTONE IS KNOWN FOR ITS SHIMMERING BLUE COLOR,"Sapphire is most famous for its vibrant blue color, though it can appear in various shades."
WHAT GEMSTONE IS ASSOCIATED WITH FAITHFULNESS,Lapis lazuli is considered a symbol of fidelity and truth.
WHERE IS MOST JADE MINED,"Jade is most commonly mined in Myanmar (Burma), Guatemala, and parts of China."
WHAT GEMSTONE REPRESENTS ABUNDANCE,Citrine is known as a gemstone of prosperity and abundance.
WHAT GEMSTONE IS KNOWN FOR ITS RICH PURPLE COLOR,Amethyst is known for its rich purple hue and is a popular choice in jewelry.
WHAT GEMSTONE IS ASSOCIATED WITH ENERGY AND STRENGTH,"Carnelian is believed to offer strength, motivation, and energy."
WHERE IS MOST QUARTZ MINED,"Quartz is found worldwide, with significant deposits in Brazil, the United States, and Madagascar."
WHAT GEMSTONE IS ASSOCIATED WITH TRANSFORMATION,Labrodorite is a gemstone that symbolizes transformation and personal growth.
WHERE ARE MOST SAPPHIRE DEPOSITS FOUND,"Sapphires are most commonly found in Sri Lanka, Myanmar, and parts of Australia."
WHAT GEMSTONE REPRESENTS HOPE,"Turquoise is often believed to promote hope, good fortune, and healing."
WHAT GEMSTONE IS ASSOCIATED WITH THE THIRD EYE CHAKRA,"Amethyst is believed to stimulate the third eye chakra, enhancing spiritual awareness and intuition."
WHAT GEMSTONE REPRESENTS PURITY AND LIGHT,"Diamond is a gemstone symbolizing purity, light, and eternal beauty."
WHAT GEMSTONE IS KNOWN FOR ITS REDDISH TONES,"Garnet is often recognized for its rich reddish tones, although it comes in various colors."
WHAT GEMSTONE IS ASSOCIATED WITH LOVE AND FIDELITY,Ruby is often considered the gemstone of love and fidelity.
WHERE IS MOST PERIDOT MINED,"Peridot is primarily mined in the United States (Arizona), Egypt, and Myanmar."
WHAT GEMSTONE IS ASSOCIATED WITH SPIRITUAL GROWTH,"Amethyst is often linked with spiritual growth, tranquility, and inner peace."
WHERE IS MOST MOONSTONE FOUND,"Moonstone is primarily found in Sri Lanka, India, and Madagascar."
WHAT GEMSTONE IS ASSOCIATED WITH PROSPERITY,Green jade is often believed to bring prosperity and good fortune.
WHAT GEMSTONE REPRESENTS LOVE AND COMPASSION,Rose quartz is known as the gemstone of unconditional love and compassion.
